,No,Zone,Constituency,Ward No and Loc,address_to_use,places_status,lat,lng,latlong
0,1,East,Hebbal,18 Radhakrishna Temple,New BEL Main Road Opp Fresh world Super Market Sanjaynagar post Bangalore - 560094,OK,13.0390755,77.5641546,"['OK', '13.0390755', '77.5641546']"
1,1,East,Hebbal,19 Sanjaynagar,Sanjaynagar Main road Beside BWSSB office Opp Radhakrishna Temple Sanjay Nagar Post Bangalore - 560094,ZERO_RESULTS,,,"['ZERO_RESULTS', nan, nan]"
2,1,East,Hebbal,20 Ganganagar,"Bellari Road CBI Bus Stop, Hebbal BBMP North Bangalore - 560032",ZERO_RESULTS,,,"['ZERO_RESULTS', nan, nan]"
3,1,East,Hebbal,21 Hebbala,"Bellari Road SBM Colony, Anand Nagar UAS Compus Bus stop Hebbal Bangalore - 560032",OK,13.0300432,77.5878517,"['OK', '13.0300432', '77.5878517']"
4,1,East,Hebbal,22 Nagenahalli,Bellari Road Near Hebbal Bus Stop Opp Hebbal Flyover Bangalore - 560032,OK,13.0427009,77.5900968,"['OK', '13.0427009', '77.5900968']"
5,1,East,Hebbal,33 Manorayanapalya,"4th Cross, Venkateshamappa Layout Chamindu Nagar, RT Nagar Near Shalini Bar Bangalore - 560032",ZERO_RESULTS,,,"['ZERO_RESULTS', nan, nan]"
6,1,East,Hebbal,34 Gangenahalli,"RT Nagar Main Road Behind Vishnu Garden Hotel Near RT Nagar Post Office, Gangenahalli Bangalore - 560032",OK,13.0203049,77.5923383,"['OK', '13.0203049', '77.5923383']"
7,1,East,Hebbal,46 Jayachamarajendra Nagar,"Munireddy Palya JC Nagar main Road Opp Fun World, Snow cety JC Nagar, Bangalore - 560006",OK,13.0057596,77.5920609,"['OK', '13.0057596', '77.5920609']"
9,2,East,Shivajinagar,62 Ramaswamy Palya,"24, 2nd Main Road Chinnappa Garden Benson town Near ganesha temple Bangalore",OK,13.0052634,77.6036601,"['OK', '13.0052634', '77.6036601']"
10,2,East,Shivajinagar,63 Jayamahal,Rajiva Gandhi Coloney Dr HM Nayak circle Queens road/ Thimmaiah road Bangalore,ZERO_RESULTS,,,"['ZERO_RESULTS', nan, nan]"
11,2,East,Shivajinagar,90 Halsur,"74, Bazar street, Udani Layout Near by Ulsoor police station Bangalore",OK,12.974468,77.625861,"['OK', '12.9744680', '77.6258610']"
12,2,East,Shivajinagar,91 Bharathinagar,Near Rusell market Marys Basillica Church Shivaji Nagar police station Bangalore,OK,12.9849553,77.6059065,"['OK', '12.9849553', '77.6059065']"
13,2,East,Shivajinagar,92 Shivajinagar,Sulthnji Gunta Road Near by broad way police station Bangalore,OK,12.9878921,77.6036237,"['OK', '12.9878921', '77.6036237']"
14,2,East,Shivajinagar,93 Vasanthanagar,NearMahaveer Jain Hospital Miller RoadBangalore,ZERO_RESULTS,,,"['ZERO_RESULTS', nan, nan]"
15,2,East,Shivajinagar,110 Sampangiramanagar,"Near Halsur gate police station corporation circle, BBMP Office Bangalore",OK,12.9667518,77.5871444,"['OK', '12.9667518', '77.5871444']"
17,3,East,Sarvagnanagar,23 Nagavara,"Vyalikaval HBES Layout Nagavara, Bangalore - 560045",OK,13.0375202,77.6115424,"['OK', '13.0375202', '77.6115424']"
18,3,East,Sarvagnanagar,24 H.B.R Layout,HBR Layout Near 6thCross road stage 1 kadugondanahalli Bangalore - 560045,OK,13.0209841,77.6239559,"['OK', '13.0209841', '77.6239559']"
19,3,East,Sarvagnanagar,27 Banaswadi,"100 feet rd HRBR Layout, Banasawadi Bangalore - 560043",OK,13.0169745,77.6512164,"['OK', '13.0169745', '77.6512164']"
20,3,East,Sarvagnanagar,28 Kammanahalli,Ramswami palya Lingaraja puram Bangalore - 560084,OK,13.008669,77.6341424,"['OK', '13.0086690', '77.6341424']"
21,3,East,Sarvagnanagar,29 Kacharakanahalli,"Kammanahalli Main Road St Thomas town, Bassappa layout Kacharakanahalli Bangalore - 560084",OK,13.0171014,77.6362725,"['OK', '13.0171014', '77.6362725']"
22,3,East,Sarvagnanagar,30 Kadugondanahalli,"9th Main Road Pillanna Garden 3rd Stage Arokkyamma Layout Kadugondanahalli, Bangalore - 560084",OK,13.0118988,77.6178214,"['OK', '13.0118988', '77.6178214']"
23,3,East,Sarvagnanagar,49 Lingarajapura,BDA Layout Lingrajapuram Bangalore - 560084,OK,13.0060027,77.6303438,"['OK', '13.0060027', '77.6303438']"
24,3,East,Sarvagnanagar,59 Maruthisevanagar,Maruthi Seva Nagar 5th Cross road Karnataka Housing board colony Bangalore - 560005,OK,12.9970127,77.6293823,"['OK', '12.9970127', '77.6293823']"
26,4,East,C.V.Ramannagar,50 Benaganahalli,Old Byappanahalli road MS Nagar post Bangalore - 560033,OK,12.995994,77.642559,"['OK', '12.9959940', '77.6425590']"
27,4,East,C.V.Ramannagar,57 C.V.Ramannagar,CV Raman Nagar Shiva Bhuvaneshwari Nagar Bangalore - 560093,OK,12.9847664,77.6654569,"['OK', '12.9847664', '77.6654569']"
28,4,East,C.V.Ramannagar,58 Hosa Thippasandra,1st Cross orad HAL 3rd Stage New Thippasandra Bangalore - 560075,OK,12.9820646,77.6486731,"['OK', '12.9820646', '77.6486731']"
29,4,East,C.V.Ramannagar,79 Sarvagnanagar,28 MM Road Doddigunta near cox town circle Bangalore - 56005,OK,12.9957396,77.6216,"['OK', '12.9957396', '77.6216000']"
30,4,East,C.V.Ramannagar,80 Hoysalanagar,Near Sadasivam road Adarsha Teatre murphy townUlsoor - 560008,OK,13.0486625,80.2361775,"['OK', '13.0486625', '80.2361775']"
31,4,East,C.V.Ramannagar,88 Jeevanbhimanagar,Dos Colony Jeevanbhima nagar Bangalore - 560075,OK,12.966897,77.6546863,"['OK', '12.9668970', '77.6546863']"
32,4,East,C.V.Ramannagar,113 Konena Agrahara,"Opp Suchithra Biriyani house Old Airport Road, Murgeshpalya, HAL post Bangalore - 560017",OK,12.9591654,77.6550611,"['OK', '12.9591654', '77.6550611']"
34,5,East,Pulakeshinagar,31 Kushalanagar,INSIDE GOVT HOSPITAL COMPOUND NEAR KG HALLI POLICE STATION NAGAVAR MAIN ROAD BANGALORE - 560046,ZERO_RESULTS,,,"['ZERO_RESULTS', nan, nan]"
35,5,East,Pulakeshinagar,32 Kavalbyrasandra,"NEAR PUSHPANJALI TALKIES SULTANAPALYA MAIN ROAD SULTANPALYA, RT NAGAR POST BANGALURU KARNATAKA - 560032",OK,13.0220834,77.6032603,"['OK', '13.0220834', '77.6032603']"
36,5,East,Pulakeshinagar,47 Devarajeevanahalli,VARALAXMI NAGAR KAVALABYRASANDRA RT NAGAR POST BANGALORE – 560032,ZERO_RESULTS,,,"['ZERO_RESULTS', nan, nan]"
37,5,East,Pulakeshinagar,48 Muneshwaranagar,SHAMPURA MAIN ROAD NEAR DEVARA JEEVANAHALLI NEW POLICE STATION BANGALORE - 560045,OK,13.0114917,77.6131635,"['OK', '13.0114917', '77.6131635']"
38,5,East,Pulakeshinagar,60 Sagayapuram,"NO 21 NEW BAGALUR LAYOUT MAIN ROAD BAGALUR LAYOUT SAGAYAPUR, RICHARD TOWN OPPOSITE ST CHARLS HIGH SCHOOL BANGALORE – 560084",OK,13.0068089,77.6217787,"['OK', '13.0068089', '77.6217787']"
39,5,East,Pulakeshinagar,61 S.K.Garden,NEAR ANANDA THEATER OPP DJ HALLI OLD POLICE STATION DJ HALLI MAIN ROAD BANGALORE - 560045,OK,13.0114917,77.6131635,"['OK', '13.0114917', '77.6131635']"
40,5,East,Pulakeshinagar,78 Pulakeshinagar,"MORE ROAD, FRAZER TOWN BANGALORE - 560005",OK,12.9986941,77.6125998,"['OK', '12.9986941', '77.6125998']"
42,6,East,Shanthinagar,89 Jogupalya,"Udani Layout, Jogupalya, Bengaluru - 560008",OK,12.9733641,77.6274796,"['OK', '12.9733641', '77.6274796']"
43,6,East,Shanthinagar,111 Shantalanagar,"Markham road, Ashok Nagar Bengaluru - 560025",OK,12.9693597,77.6085402,"['OK', '12.9693597', '77.6085402']"
44,6,East,Shanthinagar,112 Domlur,"2nd Cross Road, stage 2, Domlur, Bengaluru - 560071",OK,12.9629805,77.6380285,"['OK', '12.9629805', '77.6380285']"
45,6,East,Shanthinagar,114 Agara,"Sri Traders, John Bull Road, Jayaraj Nagar, Bengaluru - 560047",OK,12.961299,77.617865,"['OK', '12.9612990', '77.6178650']"
46,6,East,Shanthinagar,115 Vanarpete,"Mecon Quarters, Austin Town, Neelasandra, Bengaluru - 560047.",OK,12.9575603,77.6164698,"['OK', '12.9575603', '77.6164698']"
47,6,East,Shanthinagar,116 Neelasandra,"Lakshman Rao Nagar, Dr Ambedkar Nagar, Anepalya, Adugodi, Bengaluru - 560047",OK,12.9499023,77.6164006,"['OK', '12.9499023', '77.6164006']"
48,6,East,Shanthinagar,117 Shanthinagar,"Nst, Anugraha Layout, Lang Ford Town, Shanthinagar, Bengaluru - 560025",ZERO_RESULTS,,,"['ZERO_RESULTS', nan, nan]"
50,7,West,Chamrajpet,135 Padarayanapura,"Goripalya Bus Stop, opposite to JJR Nagar Police Station",OK,12.964135,77.5551804,"['OK', '12.9641350', '77.5551804']"
51,7,West,Chamrajpet,136 Jagajivanaram Nagar,Hale Guddadhahalli Bus Stop Bangalore,OK,12.9564925,77.5485048,"['OK', '12.9564925', '77.5485048']"
52,7,West,Chamrajpet,137 Rayapuram,"Mysore circle, CAR Police Ground Bangalore",OK,12.9621942,77.5617864,"['OK', '12.9621942', '77.5617864']"
53,7,West,Chamrajpet,138 Chalavadi,"Near Vinayaka Theatre, Beside Govt Vetenary Hospital Bangalore",ZERO_RESULTS,,,"['ZERO_RESULTS', nan, nan]"
54,7,West,Chamrajpet,139 KR Market,"Minto Eye Hospital, Opposite to VV Puram Police Station Bangalore",OK,12.9608878,77.5718855,"['OK', '12.9608878', '77.5718855']"
55,7,West,Chamrajpet,140 Chamrajpet,"Eedga Maidana, Opposite to BWSSB Bangalore",ZERO_RESULTS,,,"['ZERO_RESULTS', nan, nan]"
56,7,West,Chamrajpet,141 Azad Nagar,Opposite to Jinke Park Bangalore,ZERO_RESULTS,,,"['ZERO_RESULTS', nan, nan]"
58,8,West,Gandhi Nagar,94 Gandhinagar,Shantala Circale Road Near Kempegouda Metro station Bangalore - 560053,ZERO_RESULTS,,,"['ZERO_RESULTS', nan, nan]"
59,8,West,Gandhi Nagar,95 Subhashnagar,"Nest to Metro Station, Near Mantri Hall (Square) Opp Sri Ragavendra Swami math Bangalore - 560020",OK,12.9905452,77.5708049,"['OK', '12.9905452', '77.5708049']"
60,8,West,Gandhi Nagar,77 Dattatreya Temple,Near KC General Hospital malleshwaram Bangalore - 560003,OK,12.9961428,77.569358,"['OK', '12.9961428', '77.5693580']"
61,8,West,Gandhi Nagar,109 Chikpet,Near State Bank of India Kempegouda Road (Avenue Road) Bangalore - 560002,OK,12.9739937,77.5783156,"['OK', '12.9739937', '77.5783156']"
62,8,West,Gandhi Nagar,120 Cottonpet,Benny Mail Canteen KP Agrahara Bangalore - 560023,ZERO_RESULTS,,,"['ZERO_RESULTS', nan, nan]"
63,8,West,Gandhi Nagar,121 Binnypet,"2nd Cross, Magadi Road Benny pet,Near Water Tank Bangalore - 560023",OK,12.9758059,77.5494919,"['OK', '12.9758059', '77.5494919']"
65,9,West,Govindraj Nagar,103 Kaveripura,tank Vijayanagar Bangalore - 560040,ZERO_RESULTS,,,"['ZERO_RESULTS', nan, nan]"
66,9,West,Govindraj Nagar,105 Agrahara Dasarahalli,"Next to Govt Meternity Hospetial MC Layout, Agrahara Dasarahalli Bangalore - 560040",OK,12.9770977,77.5429519,"['OK', '12.9770977', '77.5429519']"
67,9,West,Govindraj Nagar,104 Govindarajanagar,West of Chord Road CHBS Layout Next to Vijayanagar water,OK,12.973383,77.5381136,"['OK', '12.9733830', '77.5381136']"
68,9,West,Govindraj Nagar,106 Dr.Rajkumar Ward,"20th Main Road, 5th Block, Near SBI bank Rajajinagar Industrial Town Rajajinagar, Bangalore - 560023",OK,12.9857393,77.5525538,"['OK', '12.9857393', '77.5525538']"
69,9,West,Govindraj Nagar,125 Marenahalli,"#106, 12th Main Road Marenahalli Nagarabhavi Main Road Bangalore - 560040",INVALID_REQUEST,,,"['INVALID_REQUEST', nan, nan]"
70,9,West,Govindraj Nagar,126 Maruthi Mandira Ward,"GK Layout, Next to GKW Layout main bus stop Vijayanagar, Bangalore - 560040",OK,12.9681616,77.5285532,"['OK', '12.9681616', '77.5285532']"
71,9,West,Govindraj Nagar,127 Moodalapalya,"#48, 4th Main Road Byraveshwaranagar Next to Moodalapalya Ward Office Bangalore - 560072",INVALID_REQUEST,,,"['INVALID_REQUEST', nan, nan]"
72,9,West,Govindraj Nagar,128 Nagarabhavi,"#99, 6Th Cross Road BDA Layout, M Joseph Road Next to Bangalore One Bangalore - 560040",INVALID_REQUEST,,,"['INVALID_REQUEST', nan, nan]"
73,9,West,Govindraj Nagar,131 Nayandahalli,"Nayandahalli Service Road Near Indian Petrol Bunk Mysore Road, Nayandahalli Bangalore - 560039",OK,12.9447501,77.5288563,"['OK', '12.9447501', '77.5288563']"
75,10,West,Mahalakshmi Layout,43 Nandini Layout,"1st Main, Jai Maruthi Nagar, Opp ESI quatress Nandini Layout Bangalore - 560096",OK,13.0096906,77.5342307,"['OK', '13.0096906', '77.5342307']"
76,10,West,Mahalakshmi Layout,44 Marappanapalya,Rehaman Khan road Near Ullas Theatre Yashvantpur Bangalore - 560010,ZERO_RESULTS,,,"['ZERO_RESULTS', nan, nan]"
77,10,West,Mahalakshmi Layout,74 Shakti Ganapathiinagar,"15th Main road, 3rd stage 4th Block, Basaveswaranagar water tank Sakti ganapathi nagar Bangalore - 560079",OK,12.9955423,77.5365579,"['OK', '12.9955423', '77.5365579']"
78,10,West,Mahalakshmi Layout,75 Shankaramatha,"11th Main Road Pipe line road Kaverinagar, Kurubarahalli Bangalore - 560079",ZERO_RESULTS,,,"['ZERO_RESULTS', nan, nan]"
79,10,West,Mahalakshmi Layout,67 Nagapura,"20th Main, 1st Block Rajajinagar opp star circle Bangalore - 560010",OK,13.0008995,77.549787,"['OK', '13.0008995', '77.5497870']"
80,10,West,Mahalakshmi Layout,68 Mahalakshmipuram,West of Chord roadBMRCL Parking place Mahalaxmipuram opp to ISKON temple Bangalore - 560086,ZERO_RESULTS,,,"['ZERO_RESULTS', nan, nan]"
81,10,West,Mahalakshmi Layout,102 Vrishabavathinagar,"14th Cross, opp Shankarnag Bus stop NGO colony, Kamalanagara bangalore - 560079",ZERO_RESULTS,,,"['ZERO_RESULTS', nan, nan]"
83,11,West,Malleshwaram,35 Palace Nagar Aramane Nagara,18th Cross Mariamma Circle Opp Circle Mariamma Temple Next to Ammani Collage Bangalore-560003,OK,12.9911885,77.5678271,"['OK', '12.9911885', '77.5678271']"
84,11,West,Malleshwaram,36 Mathikere,Opp masjid-e-taha M S Ramaiah Road Mathikere Bangalore-560054,ZERO_RESULTS,,,"['ZERO_RESULTS', nan, nan]"
85,11,West,Malleshwaram,45 Malleshwaram,8th Main Next to Mysore Lamp Malleshwaram Bangalore-560003,OK,13.0150381,77.5585834,"['OK', '13.0150381', '77.5585834']"
86,11,West,Malleshwaram,64 Rajamahal Guttahalli,Mosque Road Opp Jamia Masjid Raj Mahal Guttahalli Palace Guttahalli Bangalore-560003,ZERO_RESULTS,,,"['ZERO_RESULTS', nan, nan]"
87,11,West,Malleshwaram,65 Kadu Malleshwaram,18th Cross Bus Stand Malleshwaram Bangalore-560003,OK,13.009787,77.569111,"['OK', '13.0097870', '77.5691110']"
88,11,West,Malleshwaram,66 Subramanyanagar,17th Cross Tank Bun Road Near Vivekenandha Collage 2nd Stage Rajaji Nagar Bangalore-560010,OK,13.0081294,77.5546843,"['OK', '13.0081294', '77.5546843']"
89,11,West,Malleshwaram,76 Gayathrinagar,"1st Cross, 1st Main Road Gayathri Nagar Bangalore - 560021",OK,13.0007493,77.5581839,"['OK', '13.0007493', '77.5581839']"
91,12,West,Rajaji Nagar,97 Dayanandanagar,"6th Cross, 9th Main Srirampura reparal hospital Srirampura, Bangalore - 560021",OK,12.9906562,77.5649125,"['OK', '12.9906562', '77.5649125']"
92,12,West,Rajaji Nagar,98 Prakashnagar,"11th Block 'C' Cross, Mariappana Palya Beside Mahakave Kuvempu Metro Station Bangalore - 560021",ZERO_RESULTS,,,"['ZERO_RESULTS', nan, nan]"
93,12,West,Rajaji Nagar,99 Rajajinagar,"2nd Phase, 3rd Cross, 8th Main Beside Sri Kannka Parameshwari Temple Manjunatha Nagar Bangalore - 560010",OK,12.9919898,77.5359721,"['OK', '12.9919898', '77.5359721']"
94,12,West,Rajaji Nagar,101 Kamakshipalya,Magadi Main Road Beside Vishal Theater & Dhananjaya palace 100 meters from Kamakshipalya bus stand Bangalore - 560079,OK,12.9831801,77.5301753,"['OK', '12.9831801', '77.5301753']"
96,13,South,BTM Layout,146 Lakkasandra,Near Prestige Techno policy and Christ college Bengalore - 560029,OK,12.9344168,77.6060171,"['OK', '12.9344168', '77.6060171']"
97,13,South,BTM Layout,147 Adugodi,Near Adugodi traffic Police station Bangalore - 560030,OK,12.941559,77.6086805,"['OK', '12.9415590', '77.6086805']"
98,13,South,BTM Layout,148 Ejipura,"Near BBMP hot mix plant and Revenue collection office NGV, Bangalore - 560047",ZERO_RESULTS,,,"['ZERO_RESULTS', nan, nan]"
99,13,South,BTM Layout,151 Koramangala,"Madiwala Market road Kudhre mukka coloni Kormangala, Bangalore - 560034",ZERO_RESULTS,,,"['ZERO_RESULTS', nan, nan]"
100,13,South,BTM Layout,152 Sudduguntepalya,"# 2 Main 2 nd Cross Maruthi Nagar, Madiwala Bangalore - 560068",INVALID_REQUEST,,,"['INVALID_REQUEST', nan, nan]"
101,13,South,BTM Layout,172 Madivala,Murthy Nagar main road BTM First Stage Near Bangalore one Office Bangalore - 560029,OK,12.97336,77.561063,"['OK', '12.9733600', '77.5610630']"
102,13,South,BTM Layout,173 Jakkasandra,Near Green view Hospital In front of agara lake Bangalore - 560034,OK,12.9191291,77.6381231,"['OK', '12.9191291', '77.6381231']"
103,13,South,BTM Layout,176 BTM Layout,"12th Cross road, MS Palya BTM 2nd Stage Near home needs super market Bangalore - 560076",ZERO_RESULTS,,,"['ZERO_RESULTS', nan, nan]"
105,14,South,Basavanagudi,154 Basavanagudi,In front of SSM Public School Chennammana Kere Park Bangalore,OK,12.9327635,77.5637244,"['OK', '12.9327635', '77.5637244']"
106,14,South,Basavanagudi,155 Hanumanthanagar,Jinke Park In front of Rajiv Gandhi sports complex Bangalore,OK,12.9511227,77.5552905,"['OK', '12.9511227', '77.5552905']"
107,14,South,Basavanagudi,156 Sriinagar,Srinagar Bus Stop Opp Srinagar Hospital Bangalore,OK,12.9444069,77.5546595,"['OK', '12.9444069', '77.5546595']"
108,14,South,Basavanagudi,162 Girinagar,Vidyanagar Bus stop Behind Hoskerahalli Indian oil petrol bunk Bangalore,OK,12.9324902,77.5414761,"['OK', '12.9324902', '77.5414761']"
109,14,South,Basavanagudi,163 Kathriguppe,Kattriguppe Water tank Near BWSSB Office bangalore,OK,12.9301119,77.5472029,"['OK', '12.9301119', '77.5472029']"
110,14,South,Basavanagudi,164 Vidyapeeta Ward,Beside Channamana Kere Bus Stop Vidyapeta main Road Bangalore,OK,12.9280395,77.5560676,"['OK', '12.9280395', '77.5560676']"
112,15,South,Chikpet,118 Sudhamanagar,Near Doddamavalli. Sudhamanagar Bengaluru -560002,OK,12.9548148,77.5827774,"['OK', '12.9548148', '77.5827774']"
113,15,South,Chikpet,119 Dharmarayaswamy Temple,Near Dodpeta Nagarapeta Bengaluru -560002,ZERO_RESULTS,,,"['ZERO_RESULTS', nan, nan]"
114,15,South,Chikpet,142 Sukenahalli,KR mutt Layout Mahantara Layout kempeGowda Nagar Bengaluru -560019,OK,12.9497897,77.5642795,"['OK', '12.9497897', '77.5642795']"
115,15,South,Chikpet,143 Vishveshwarapuram,Near Parvathi puram VV puram Shankarapura Bengaluru -560004,OK,12.9544509,77.574302,"['OK', '12.9544509', '77.5743020']"
116,15,South,Chikpet,144 Siddapura,Balamandir Road (kidwai Hospital) Siddapura Bengaluru 560029,OK,12.9374855,77.5983959,"['OK', '12.9374855', '77.5983959']"
117,15,South,Chikpet,145 Hombegowdanagar,Vinayaka Nagar NGO colony WilsonGarden Begaluru -560027,OK,12.9496533,77.5970433,"['OK', '12.9496533', '77.5970433']"
118,15,South,Chikpet,153 Jayanagar,"2nd Block Jayanagar East, Jayanagar Bengaluru. (Ashoka pillar)",OK,12.9408841,77.5851445,"['OK', '12.9408841', '77.5851445']"
120,16,South,Jayanagar,168 Pattabhi Nagar,"32nd Cross road 4th Block (Inside Sanjay Gandhi Hospitel Jaynagar, Bangalore - 560041",OK,12.9262377,77.5928008,"['OK', '12.9262377', '77.5928008']"
121,16,South,Jayanagar,169 Byesandra,"1st B Cross Road, BDA Layout Jayanagar (Near Sanjay Gandhi Hospitel) Bangalore - 560041",OK,12.9262377,77.5928008,"['OK', '12.9262377', '77.5928008']"
122,16,South,Jayanagar,170 Jayanagara East,"38th Cross East End Road 9th Blcok, JayanagarBangalore 560069",OK,12.9215821,77.5981193,"['OK', '12.9215821', '77.5981193']"
123,16,South,Jayanagar,171 Gurappanapalya,"44/4, 3rd Main Park Road 1st Cross, Bismillah Nagar BG Road, Bangalore - 560029",OK,12.9265351,77.6041674,"['OK', '12.9265351', '77.6041674']"
124,16,South,Jayanagar,177 JP Nagar,"Near Trinity Diagnostic and Imagig) 213, 9th Cross, 4th Main 80 feet road, JP Nagar, 2nd phase Bangalore - 560078",OK,12.9103213,77.5936021,"['OK', '12.9103213', '77.5936021']"
125,16,South,Jayanagar,178 Sarakki,"14th Cross, 35th Main Road, Near Bangalore One JP Nagar 1st Phase Bangalore - 560078",OK,12.9072393,77.5782393,"['OK', '12.9072393', '77.5782393']"
126,16,South,Jayanagar,179 Sakrembi Nagar,"70, 46th Cross, 8th Block Jayanagar, Bangalore - 560070",OK,12.9161089,77.5851546,"['OK', '12.9161089', '77.5851546']"
128,17,South,Padmanabhanagar,161 Hosakerehalli,"Beside BWSSB office Opp Raghavendra swami mata Hoskerehalli, Bangalore - 560085",ZERO_RESULTS,,,"['ZERO_RESULTS', nan, nan]"
129,17,South,Padmanabhanagar,165 Ganesha Temple Ward,Near Fire engin office Banashankari Bangalore,ZERO_RESULTS,,,"['ZERO_RESULTS', nan, nan]"
130,17,South,Padmanabhanagar,166 Karisandra,"BSK 2nd Stage, Near BMTC bus stop Banashankari, Bangalore - 560070",OK,12.924663,77.564348,"['OK', '12.9246630', '77.5643480']"
131,17,South,Padmanabhanagar,180 Banashankari Temple Ward,Near yarab nagar bus stop Kaderanahalli cross Bangalore,OK,12.9139432,77.5666181,"['OK', '12.9139432', '77.5666181']"
132,17,South,Padmanabhanagar,181 Kumaraswamy Layout,Police station Back side Opp kumaraswamy layout park Bangalore - 560078,OK,12.9051954,77.5628536,"['OK', '12.9051954', '77.5628536']"
133,17,South,Padmanabhanagar,182 Padmanabhanagar,50 feet Main Road Kumarswamy layout II stage Opp Krishna Aramane Hotel Near bus stop Bangalore - 560078,OK,12.9059778,77.5584414,"['OK', '12.9059778', '77.5584414']"
134,17,South,Padmanabhanagar,183 Chikkalasandra,Near KEB Office Banashankari 3rd Stage Bangalore,OK,12.9262656,77.5480796,"['OK', '12.9262656', '77.5480796']"
136,17,South,Padmanabhanagar,123 Vijayanagar,Iind Main Service road Bangalore west Bangalore - 560040,ZERO_RESULTS,,,"['ZERO_RESULTS', nan, nan]"
137,17,South,Padmanabhanagar,124 Hosahalli,Binny Layout Pipe line road Vijayanagar Bangalore - 560104,OK,12.9633019,77.5444624,"['OK', '12.9633019', '77.5444624']"
138,17,South,Padmanabhanagar,132 Athiguppe,80 feet road Chandra layout Bangalore - 560040,OK,12.9590525,77.523906,"['OK', '12.9590525', '77.5239060']"
139,17,South,Padmanabhanagar,133 Hampinagar,RPC Layout Vijayanagara Hampinagara bus stop road Bangalore - 560104,OK,12.958938,77.535571,"['OK', '12.9589380', '77.5355710']"
140,17,South,Padmanabhanagar,134 Bapujinagar,Near MG Naidu Ranga Mandira Bapuji Nagar Bangalore - 560026,ZERO_RESULTS,,,"['ZERO_RESULTS', nan, nan]"
141,17,South,Padmanabhanagar,157 Gali Anjaneya Temple,"18th Main Road, 9th Cross BSK 3rd Stage Munishwara Block Bangalore - 560026",OK,12.9436407,77.5481458,"['OK', '12.9436407', '77.5481458']"
142,17,South,Padmanabhanagar,158 Deepanjalinagar,Opp PES University Katriguppe Main Road Bangalore - 560085,ZERO_RESULTS,,,"['ZERO_RESULTS', nan, nan]"
144,19,Mahadevpura,KR Puram,25 Horamavu,"7th Cross, Sainthi nagar TC Palya Main Road Hormav, Bangalore - 560016",OK,13.0207594,77.677196,"['OK', '13.0207594', '77.6771960']"
145,19,Mahadevpura,KR Puram,26 Rammurthynagar,Ramchandra Layout RD Ragvendra nagar Kelkaere road bangalore - 560016,OK,13.023457,77.6791198,"['OK', '13.0234570', '77.6791198']"
146,19,Mahadevpura,KR Puram,51 Vignananapura,East of NGET Layout Doorvani nagar Bangalore - 560016,ZERO_RESULTS,,,"['ZERO_RESULTS', nan, nan]"
147,19,Mahadevpura,KR Puram,52 KR Puram,"Ist Cross, Manjunatha Layout TC Palya, Battarahalli Bangalore - 560036",OK,13.0228546,77.6962204,"['OK', '13.0228546', '77.6962204']"
148,19,Mahadevpura,KR Puram,53 Basavanapura,Hosabasavanapura KR Puram Road Bangalore - 560049,OK,13.0194738,77.7122996,"['OK', '13.0194738', '77.7122996']"
149,19,Mahadevpura,KR Puram,55 Devasandra,Near KR Puram bus stop Next to KR Puram Market Banglore to Tirupathi main road Bangalore - 560036,ZERO_RESULTS,,,"['ZERO_RESULTS', nan, nan]"
150,19,Mahadevpura,KR Puram,56 A.Narayanapura,ITI Colony B Narayanpura Mahadevpura road Bangalore - 560016,OK,12.996222,77.6768763,"['OK', '12.9962220', '77.6768763']"
151,19,Mahadevpura,KR Puram,81 Vignanannagar,Mahadevpura road Near Gangamma temple Bangalore - 560048,OK,12.9900045,77.684673,"['OK', '12.9900045', '77.6846730']"
153,20,Mahadevpura,Mahadevpura,54 Hoodi,"ITPL Main Road Hoodi Circle, near BBMP Office Bangalore - 560048",OK,12.994339,77.7175942,"['OK', '12.9943390', '77.7175942']"
154,20,Mahadevpura,Mahadevpura,82 Garudacharpalya,"Near BBMP Office Mahadevpura Zone Mahadevpura, Bangalore - 560048",OK,12.9948951,77.6958972,"['OK', '12.9948951', '77.6958972']"
155,20,Mahadevpura,Mahadevpura,83 Kadugodi,Near post office Kadugodi Bangalore - 560067,OK,12.9982044,77.7599963,"['OK', '12.9982044', '77.7599963']"
156,20,Mahadevpura,Mahadevpura,84 Hagadooru,White Firel Immadahalli Raod Near Bescom office Bangalore - 560066,OK,12.96978,77.7536257,"['OK', '12.9697800', '77.7536257']"
157,20,Mahadevpura,Mahadevpura,85 Dodda Nekkundi,Doddanekundi industrial area Vinayaka Layout Bangalore - 560037,OK,12.9776035,77.708722,"['OK', '12.9776035', '77.7087220']"
158,20,Mahadevpura,Mahadevpura,86 Marathhalli,Opp Kalamadira ashwathanagar Marathahalli Bangalore - 560037,ZERO_RESULTS,,,"['ZERO_RESULTS', nan, nan]"
159,20,Mahadevpura,Mahadevpura,149 Varthur,"Rajbhavi Road Shriram Layout Varthur, Bangalore - 560087",OK,12.9409008,77.751967,"['OK', '12.9409008', '77.7519670']"
160,20,Mahadevpura,Mahadevpura,150 Bellandur,"Near Jamatha Colony Karedaram post Bellandur, Bangalore - 560035",ZERO_RESULTS,,,"['ZERO_RESULTS', nan, nan]"
162,21,Dasarahalli,Dasarahalli,39 Chokkasandra,"3rd Cross, KEB opp chokkasandra Bangalore - 560057",OK,13.0411911,77.5143797,"['OK', '13.0411911', '77.5143797']"
163,21,Dasarahalli,Dasarahalli,41 Peenya Industrial Area,Peenya Industrial area Rajagopalanagara police station back side Bangalore - 560058,OK,13.0360539,77.5211925,"['OK', '13.0360539', '77.5211925']"
164,21,Dasarahalli,Dasarahalli,70 Rajagopalanagar,Behind BBMP Office Hegganahalli bus stop Bangalore - 560091,OK,13.0058386,77.5050728,"['OK', '13.0058386', '77.5050728']"
165,21,Dasarahalli,Dasarahalli,71 Heggenahalli,Opp to Hanumantaraya temple Near Govt hospital Hegganahalli Bangalore - 560091,ZERO_RESULTS,,,"['ZERO_RESULTS', nan, nan]"
166,21,Dasarahalli,Dasarahalli,12 Shettyhalli,"Shetti Halli Chikkabanavara Post, Abbigere dinne Bangalore - 560090",ZERO_RESULTS,,,"['ZERO_RESULTS', nan, nan]"
167,21,Dasarahalli,Dasarahalli,13 Mallasandra,"5052, Janapriya heights, Pipeline road Rangappa Layout, Mallasendra, Jalahalli West Bangalore - 560057",OK,13.059759,77.5082392,"['OK', '13.0597590', '77.5082392']"
168,21,Dasarahalli,Dasarahalli,14 Baagalakunte,"Manjunath Nagar near shani mahatma temple Bagalagunte, Bangalore - 560064",ZERO_RESULTS,,,"['ZERO_RESULTS', nan, nan]"
169,21,Dasarahalli,Dasarahalli,15 T.Dasarahalli,"Near T Dasarahalli Metro station Metro piller number 476 T Dasarahalli, Bangalore - 560057",OK,13.0435419,77.5123791,"['OK', '13.0435419', '77.5123791']"
171,22,Rajarajeswarinagar Nagar,Rajarajeswarinagar Nagar,16 Jalahalli,"NEAR JALAHALLI POLICE STATION,HMT ROAD, BANGALORE, PIN-560013",OK,13.0486683,77.5495398,"['OK', '13.0486683', '77.5495398']"
172,22,Rajarajeswarinagar Nagar,Rajarajeswarinagar Nagar,17 J.P.Park,"JP PARK, KALPANA ROAD,BEHIND CHAWDESHWARI BUSTAND, BANGALORE, PIN560054.",OK,13.0329443,77.5538355,"['OK', '13.0329443', '77.5538355']"
173,22,Rajarajeswarinagar Nagar,Rajarajeswarinagar Nagar,37 Yeshwanthpura,"1ST MAIN ROAD, YESHWANTHPURA, BANGALORE, PIN-560022",OK,13.0144113,77.5454431,"['OK', '13.0144113', '77.5454431']"
174,22,Rajarajeswarinagar Nagar,Rajarajeswarinagar Nagar,38 H.M.T,"ASHRAYA NAGAR, NEAR BY BBMP, RAJANNA GROUND, SRS PEENYA, BANGALORE, PIN560058",ZERO_RESULTS,,,"['ZERO_RESULTS', nan, nan]"
175,22,Rajarajeswarinagar Nagar,Rajarajeswarinagar Nagar,42 Lakshmidevinagar,"NEAR-SURANA GARMENTS,PIN560096 VIDANASOWDA LAYOUT, VISHNU CIRCLE, BANGALORE, PIN-560096",ZERO_RESULTS,,,"['ZERO_RESULTS', nan, nan]"
176,22,Rajarajeswarinagar Nagar,Rajarajeswarinagar Nagar,69 Laggere,"LAGGERE MAIN ROAD, OPP ANIKETHANA SCHOOL BUILDING, BANGALORE, PIN560058",OK,13.0098933,77.5222982,"['OK', '13.0098933', '77.5222982']"
177,22,Rajarajeswarinagar Nagar,Rajarajeswarinagar Nagar,73 Kottegepalya,"1ST CROSS ,MALAGALA MAIN ROAD, RAMAKRISHNA LAYOUT, NAGARABHAVI 2ND STAGE, BANGALORE, PIN-560091.",OK,12.9771059,77.5159603,"['OK', '12.9771059', '77.5159603']"
178,22,Rajarajeswarinagar Nagar,Rajarajeswarinagar Nagar,129 Jnanabharathi,"OPP AMBEDJAR INSTITUTE OF TECHNOLOGY, KENGUNTE, BANGALORE, PIN-560056",OK,12.9636721,77.5060307,"['OK', '12.9636721', '77.5060307']"
179,22,Rajarajeswarinagar Nagar,Rajarajeswarinagar Nagar,160 Rajarajeshwarinagar,"BEHIND GOVT.HOSPITAL,BANGARAPPA NAGARA, RAJARAJESHWARI, BANGLORE, PIN-560098",ZERO_RESULTS,,,"['ZERO_RESULTS', nan, nan]"
181,23,Rajarajeswarinagar Nagar,Yeshwanthpur,40 Doddabidarakalu,Tigaralapalya Annapurneswari Layout Ragustrial Estate Bangalore - 560058,ZERO_RESULTS,,,"['ZERO_RESULTS', nan, nan]"
182,23,Rajarajeswarinagar Nagar,Yeshwanthpur,72 Herohalli,"Herohalli College stop, Byadarhalli Magadi Main Road Bangalore - 560091",OK,12.993825,77.494211,"['OK', '12.9938250', '77.4942110']"
183,23,Rajarajeswarinagar Nagar,Yeshwanthpur,130 Ullalu,Ullala Upanagara Bis stop Bangalore - 560056,OK,12.962605,77.474969,"['OK', '12.9626050', '77.4749690']"
184,23,Rajarajeswarinagar Nagar,Yeshwanthpur,159 Kengeri,"Kengeri Upanagara, Opp Govt first grade college Near Kengeri Bus Terminal Bangalore - 560060",OK,12.9138724,77.4814562,"['OK', '12.9138724', '77.4814562']"
185,23,Rajarajeswarinagar Nagar,Yeshwanthpur,198 Hemigepura,"Hemmigepura, Near JSS School 6th Stage, 80 feet road Uttarhalli-Kengeri main road, Srinivaspura, Bangalore - 560091",ZERO_RESULTS,,,"['ZERO_RESULTS', nan, nan]"
187,24,Yelahanka,Yelahanka,1 Kempegowda Ward,"Yelahanka Old Town Raithara Santhe market jakkur road, Bangalore - 560064",OK,13.0973356,77.5997182,"['OK', '13.0973356', '77.5997182']"
188,24,Yelahanka,Yelahanka,2 Chowdeshwari Ward,"Yelahanka Old Town Masjid Road, Manavarthi Near Chowdeshwari temple Bangalore - 560064",ZERO_RESULTS,,,"['ZERO_RESULTS', nan, nan]"
189,24,Yelahanka,Yelahanka,3 Attur,"Air Staff Quarters Near Self Financed Soceity 208 Colony, Yelahanka Bangalore - 560064",OK,13.1016249,77.5759122,"['OK', '13.1016249', '77.5759122']"
190,24,Yelahanka,Yelahanka,4 Yelahanka Satellite Town,"KHB Complex, B Sector Yelahanka Satellite town Yelahanka, Bangalore - 560064",OK,13.0983289,77.5819149,"['OK', '13.0983289', '77.5819149']"
192,25,Yelahanka,Bytarayanapura,5 Jakkur,Kogilu Cross Jakkur Bangalore,OK,13.1037188,77.6007624,"['OK', '13.1037188', '77.6007624']"
193,25,Yelahanka,Bytarayanapura,6 Thanisandra,Opp Sampige Halli Police station Near RK Hegadenagar main road Bangalore,OK,13.075442,77.6333967,"['OK', '13.0754420', '77.6333967']"
194,25,Yelahanka,Bytarayanapura,7 Bytarayanapura,Amruth Nagar ward no 7 Main road Bytarayanapura Bangalore,OK,13.0530516,77.6118363,"['OK', '13.0530516', '77.6118363']"
195,25,Yelahanka,Bytarayanapura,8 Kodigehalli,Tata Nagar (Kodigehalli) Near Bhadrappa Layout Bangalore,OK,13.0583496,77.5850869,"['OK', '13.0583496', '77.5850869']"
196,25,Yelahanka,Bytarayanapura,9 Vidyaranyapura,"172, 2nd Main Road Vidyaranyapura, HMT Layout Near BBMP Office Bangalore - 560097",ZERO_RESULTS,,,"['ZERO_RESULTS', nan, nan]"
197,25,Yelahanka,Bytarayanapura,10 Doddabommasandra,Near kempegouda Sarovar (ParK) Nanjappa Cercle Doddabommasandra main road Bangalore - 560097,OK,13.0573506,77.5649773,"['OK', '13.0573506', '77.5649773']"
198,25,Yelahanka,Bytarayanapura,11 Kuvempunagara,"Vidyaranyapura post Singapura Village, Varadharaja Nagar Near BBMP OfficeBangalore - 560097",OK,13.080296,77.5389046,"['OK', '13.0802960', '77.5389046']"
200,26,Bommanahalli,Bangalore South,184 Uttarahalli,Vinayaka nagara Gumball main road Subramanya pura post Banglore 560061,ZERO_RESULTS,,,"['ZERO_RESULTS', nan, nan]"
201,26,Bommanahalli,Bangalore South,185 Yelachenahalli,Yelechanahalli Chandranagar Near yelechanahalli lake Banglore 560078,OK,12.8996079,77.5657033,"['OK', '12.8996079', '77.5657033']"
202,26,Bommanahalli,Bangalore South,191 Singasandra,Singasandra Kudlu suim Quarters branch Banglore 560068,OK,12.88485,77.650304,"['OK', '12.8848500', '77.6503040']"
203,26,Bommanahalli,Bangalore South,192 Begur,"Vishwa priya nagara Begur,near police station Govt hospital opposite Banglore 560068",OK,12.8782503,77.6243433,"['OK', '12.8782503', '77.6243433']"
204,26,Bommanahalli,Bangalore South,194 Gottigere,Jambusavari dinne Near bus stand Jp nagar 8 th phase Banglore 560078,OK,12.8687808,77.5756222,"['OK', '12.8687808', '77.5756222']"
205,26,Bommanahalli,Bangalore South,195 Konanakunte,Konanakunte Near police station Banglore 560062,OK,12.8839478,77.5663902,"['OK', '12.8839478', '77.5663902']"
206,26,Bommanahalli,Bangalore South,196 Anjanapura,Anjanapuara Near post office Gollahalli Banglore 560062,OK,12.8620531,77.5638226,"['OK', '12.8620531', '77.5638226']"
207,26,Bommanahalli,Bangalore South,197 Vasanthapura,Vasnathpura Uttarahalli main road Subramanya pura post Bnaglore 560061,OK,12.9087994,77.5492045,"['OK', '12.9087994', '77.5492045']"
209,27,Bommanahalli,Bommanahalli,193 Arakere,BDA 80 FEET ROAD VYSYA BANK COLONY SHANTINIKETAN LAYOUT ARAKERE BANGAORE -560076,OK,12.8837612,77.6053302,"['OK', '12.8837612', '77.6053302']"
210,27,Bommanahalli,Bommanahalli,186 Jaraganahalli,JARAGANAHALLI MATHURAYYA SWAMY LAYOUT HULIMAVU-560076,ZERO_RESULTS,,,"['ZERO_RESULTS', nan, nan]"
211,27,Bommanahalli,Bommanahalli,187 Puttenahalli,# 154/11 NEAR APOLO HOSPITAL BANNERUGHATTA ROAD BANGALORE -560076,INVALID_REQUEST,,,"['INVALID_REQUEST', nan, nan]"
212,27,Bommanahalli,Bommanahalli,188 Bilekahalli,VIJAYA BANK ENCLAVE ROAD 7TH CROSS KODICHIKKANAHALLI VIJAYA BANK LAYOUT BILEKAHALLI BENGALORE KARNATAKA-560076,OK,12.8945836,77.6109594,"['OK', '12.8945836', '77.6109594']"
213,27,Bommanahalli,Bommanahalli,189 Hongasandra,NEAR BANDEPALYA POLICE STATION MANGAMMANAPALYA HSR LAYOUT BANGALORE -560068,OK,12.9055186,77.6417136,"['OK', '12.9055186', '77.6417136']"
214,27,Bommanahalli,Bommanahalli,190 Mangamanapalya,BANDEPALYA 18TH CROSS NEAR GOVT SCHOOL BANGALORE-560068,OK,12.8959139,77.6420871,"['OK', '12.8959139', '77.6420871']"
215,27,Bommanahalli,Bommanahalli,174 H.S.R.Layout,IBLURU VILLAGE NEAR BY IBLUR PARK 5TH MAIN ROAD (HANUMAN TEMLPE)HSR LAYOUT BANGALORE- 560103,OK,12.9219125,77.6615914,"['OK', '12.9219125', '77.6615914']"
216,27,Bommanahalli,Bommanahalli,175 Bommanahalli,SBI COLONY OPPOSITE JANAVI APPARTMENT DEVARACHIKKANAHALLI BOMMANAHALLI BANGALORE-560076,ZERO_RESULTS,,,"['ZERO_RESULTS', nan, nan]"